model,feature,importance,anomesdia_datetime
DecisionTreeRegressor,OverallQual,0.550872561061649,2021-05-10 23:14:38.019957
DecisionTreeRegressor,GrLivArea,0.1395562412536457,2021-05-10 23:14:38.019957
DecisionTreeRegressor,TotalBsmtSF,0.07849732043470337,2021-05-10 23:14:38.019957
DecisionTreeRegressor,GarageCars,0.029469817768912596,2021-05-10 23:14:38.019957
DecisionTreeRegressor,BsmtFinSF1,0.018150616537818427,2021-05-10 23:14:38.019957
DecisionTreeRegressor,CentralAir_Y,0.016206351789912074,2021-05-10 23:14:38.019957
DecisionTreeRegressor,BsmtUnfSF,0.014183108177708155,2021-05-10 23:14:38.019957
DecisionTreeRegressor,OpenPorchSF,0.012130210094808372,2021-05-10 23:14:38.019957
DecisionTreeRegressor,OverallCond,0.0108643223172729,2021-05-10 23:14:38.019957
DecisionTreeRegressor,GarageType_Detchd,0.010096379920403237,2021-05-10 23:14:38.019957
DecisionTreeRegressor,1stFlrSF,0.00916886971983234,2021-05-10 23:14:38.019957
DecisionTreeRegressor,LotArea,0.009073159269893459,2021-05-10 23:14:38.019957
DecisionTreeRegressor,GarageArea,0.00872392830883723,2021-05-10 23:14:38.019957
DecisionTreeRegressor,Functional_Other,0.006425914410806887,2021-05-10 23:14:38.019957
DecisionTreeRegressor,Fence_GdWo,0.005782977789053715,2021-05-10 23:14:38.019957
DecisionTreeRegressor,LotFrontage,0.005414195792789811,2021-05-10 23:14:38.019957
DecisionTreeRegressor,YearBuilt,0.005345175772553414,2021-05-10 23:14:38.019957
DecisionTreeRegressor,CentralAir_N,0.003912301695604457,2021-05-10 23:14:38.019957
DecisionTreeRegressor,BsmtExposure_Gd,0.003636888092494477,2021-05-10 23:14:38.019957
DecisionTreeRegressor,FullBath,0.00260510153112097,2021-05-10 23:14:38.019957
DecisionTreeRegressor,YearRemodAdd,0.0025722952801501076,2021-05-10 23:14:38.019957
DecisionTreeRegressor,GarageYrBlt,0.002459338478385123,2021-05-10 23:14:38.019957
DecisionTreeRegressor,TotRmsAbvGrd,0.002319920262200889,2021-05-10 23:14:38.019957
DecisionTreeRegressor,HouseStyle_1.5Fin,0.002275531500601778,2021-05-10 23:14:38.019957
DecisionTreeRegressor,BsmtFullBath,0.0020732398710271577,2021-05-10 23:14:38.019957
DecisionTreeRegressor,2ndFlrSF,0.0020670349668795063,2021-05-10 23:14:38.019957
DecisionTreeRegressor,EnclosedPorch,0.002043382569634292,2021-05-10 23:14:38.019957
DecisionTreeRegressor,BsmtQual_TA,0.001865327594303529,2021-05-10 23:14:38.019957
DecisionTreeRegressor,SaleCondition_Family,0.001849867582406346,2021-05-10 23:14:38.019957
DecisionTreeRegressor,BsmtFinType1_ALQ,0.0018339042949102654,2021-05-10 23:14:38.019957
DecisionTreeRegressor,Functional_Typ,0.0016435120781204873,2021-05-10 23:14:38.019957
DecisionTreeRegressor,BsmtFinType1_GLQ,0.0015933522040702227,2021-05-10 23:14:38.019957
DecisionTreeRegressor,WoodDeckSF,0.0015133436176533999,2021-05-10 23:14:38.019957
DecisionTreeRegressor,Condition1_Feedr,0.0015082292158142194,2021-05-10 23:14:38.019957
DecisionTreeRegressor,BsmtFinType2_Rec,0.0014821974401580524,2021-05-10 23:14:38.019957
DecisionTreeRegressor,KitchenQual_Gd,0.0013861683778647693,2021-05-10 23:14:38.019957
DecisionTreeRegressor,BsmtExposure_No,0.0013729594424419552,2021-05-10 23:14:38.019957
DecisionTreeRegressor,ExterQual_Fa,0.001300132424138873,2021-05-10 23:14:38.019957
DecisionTreeRegressor,MoSold,0.0012758713242696997,2021-05-10 23:14:38.019957
DecisionTreeRegressor,MSSubClass,0.0012598456080863676,2021-05-10 23:14:38.019957
DecisionTreeRegressor,BedroomAbvGr,0.0011781028640345899,2021-05-10 23:14:38.019957
DecisionTreeRegressor,MSZoning_RL,0.0011652119074814144,2021-05-10 23:14:38.019957
DecisionTreeRegressor,Foundation_CBlock,0.0011205145148330366,2021-05-10 23:14:38.019957
DecisionTreeRegressor,SaleCondition_Normal,0.000951548485279945,2021-05-10 23:14:38.019957
DecisionTreeRegressor,Exterior2nd_Plywood,0.0009340709248061279,2021-05-10 23:14:38.019957
DecisionTreeRegressor,Foundation_PConc,0.0009104092573415374,2021-05-10 23:14:38.019957
DecisionTreeRegressor,FireplaceQu_nan,0.0008472410242794628,2021-05-10 23:14:38.019957
DecisionTreeRegressor,SaleType_WD,0.0007865435727750867,2021-05-10 23:14:38.019957
DecisionTreeRegressor,MasVnrArea,0.0006616382140647691,2021-05-10 23:14:38.019957
DecisionTreeRegressor,RoofStyle_Gable,0.0006359356089006476,2021-05-10 23:14:38.019957
DecisionTreeRegressor,FireplaceQu_Po,0.0006219400724823997,2021-05-10 23:14:38.019957
DecisionTreeRegressor,Exterior2nd_HdBoard,0.0005912549807692878,2021-05-10 23:14:38.019957
DecisionTreeRegressor,Neighborhood_Edwards,0.0005876624680282511,2021-05-10 23:14:38.019957
DecisionTreeRegressor,HeatingQC_Fa,0.0005783461349896225,2021-05-10 23:14:38.019957
DecisionTreeRegressor,GarageCond_nan,0.0005522162306622627,2021-05-10 23:14:38.019957
DecisionTreeRegressor,HeatingQC_Ex,0.0005272215021123702,2021-05-10 23:14:38.019957
DecisionTreeRegressor,Foundation_BrkTil,0.0004892921549256179,2021-05-10 23:14:38.019957
DecisionTreeRegressor,Exterior1st_VinylSd,0.0004887019229393409,2021-05-10 23:14:38.019957
DecisionTreeRegressor,Exterior1st_MetalSd,0.0004751385627045042,2021-05-10 23:14:38.019957
DecisionTreeRegressor,ExterQual_Ex,0.0004667479684709442,2021-05-10 23:14:38.019957
DecisionTreeRegressor,Neighborhood_Other,0.0004470901353183468,2021-05-10 23:14:38.019957
DecisionTreeRegressor,HeatingQC_Gd,0.00042666675714893163,2021-05-10 23:14:38.019957
DecisionTreeRegressor,KitchenQual_Ex,0.00041160706492770647,2021-05-10 23:14:38.019957
DecisionTreeRegressor,ExterQual_TA,0.00037028940820832206,2021-05-10 23:14:38.019957
DecisionTreeRegressor,BsmtCond_TA,0.0003633176603015623,2021-05-10 23:14:38.019957
DecisionTreeRegressor,Exterior2nd_Wd Sdng,0.0003333907708905964,2021-05-10 23:14:38.019957
DecisionTreeRegressor,BsmtQual_Fa,0.00031830969464331587,2021-05-10 23:14:38.019957
DecisionTreeRegressor,MSZoning_RM,0.00030230465575660856,2021-05-10 23:14:38.019957
DecisionTreeRegressor,Neighborhood_Somerst,0.0003022463750941389,2021-05-10 23:14:38.019957
DecisionTreeRegressor,LotConfig_Corner,0.0002631525332884586,2021-05-10 23:14:38.019957
DecisionTreeRegressor,Neighborhood_CollgCr,0.0002415798935740934,2021-05-10 23:14:38.019957
DecisionTreeRegressor,BsmtFinType1_Rec,0.00023903915662231703,2021-05-10 23:14:38.019957
DecisionTreeRegressor,Fireplaces,0.00023536001406025757,2021-05-10 23:14:38.019957
DecisionTreeRegressor,BldgType_1Fam,0.00022704469789569065,2021-05-10 23:14:38.019957
DecisionTreeRegressor,Condition1_Norm,0.0002269974732758034,2021-05-10 23:14:38.019957
DecisionTreeRegressor,ExterCond_Gd,0.00022620175225897523,2021-05-10 23:14:38.019957
DecisionTreeRegressor,BsmtQual_Gd,0.00021341137402899822,2021-05-10 23:14:38.019957
DecisionTreeRegressor,HouseStyle_SLvl,0.00020903227700161552,2021-05-10 23:14:38.019957
DecisionTreeRegressor,BsmtQual_Ex,0.00019339435597964601,2021-05-10 23:14:38.019957
DecisionTreeRegressor,LotShape_Reg,0.00019155127295515418,2021-05-10 23:14:38.019957
DecisionTreeRegressor,SaleCondition_Abnorml,0.00019116714288966913,2021-05-10 23:14:38.019957
DecisionTreeRegressor,SaleType_Other,0.00018790363410657284,2021-05-10 23:14:38.019957
DecisionTreeRegressor,BsmtFinType1_LwQ,0.000186237950303059,2021-05-10 23:14:38.019957
DecisionTreeRegressor,Exterior1st_Wd Sdng,0.00017292672696708777,2021-05-10 23:14:38.019957
DecisionTreeRegressor,3SsnPorch,0.00016816943346936185,2021-05-10 23:14:38.019957
DecisionTreeRegressor,YrSold,0.00013904615692830318,2021-05-10 23:14:38.019957
DecisionTreeRegressor,GarageFinish_RFn,0.00013784962957234077,2021-05-10 23:14:38.019957
DecisionTreeRegressor,HalfBath,0.0001292719823520166,2021-05-10 23:14:38.019957
DecisionTreeRegressor,KitchenQual_TA,0.00012385424439865725,2021-05-10 23:14:38.019957
DecisionTreeRegressor,LandContour_Low,0.00011427611775563944,2021-05-10 23:14:38.019957
DecisionTreeRegressor,PavedDrive_Y,0.00011167848781663352,2021-05-10 23:14:38.019957
DecisionTreeRegressor,LotConfig_FR2,0.00010877392626823195,2021-05-10 23:14:38.019957
DecisionTreeRegressor,Alley_Grvl,0.00010452970199488529,2021-05-10 23:14:38.019957
DecisionTreeRegressor,LandContour_Bnk,0.00010334455120884135,2021-05-10 23:14:38.019957
DecisionTreeRegressor,GarageType_BuiltIn,0.0001015044308119912,2021-05-10 23:14:38.019957
DecisionTreeRegressor,HeatingQC_TA,0.00010045635642432415,2021-05-10 23:14:38.019957
DecisionTreeRegressor,Exterior1st_Plywood,9.635405248145669e-05,2021-05-10 23:14:38.019957
DecisionTreeRegressor,MasVnrType_Stone,9.451420084572733e-05,2021-05-10 23:14:38.019957
DecisionTreeRegressor,LotShape_IR1,8.819569147506044e-05,2021-05-10 23:14:38.019957
DecisionTreeRegressor,PoolQC_nan,8.662238045762225e-05,2021-05-10 23:14:38.019957
DecisionTreeRegressor,BsmtFinType1_BLQ,8.54599509781583e-05,2021-05-10 23:14:38.019957
DecisionTreeRegressor,ExterQual_Gd,8.08018099947269e-05,2021-05-10 23:14:38.019957
DecisionTreeRegressor,Exterior2nd_Other,7.005045705549197e-05,2021-05-10 23:14:38.019957
DecisionTreeRegressor,Alley_nan,6.726055469911344e-05,2021-05-10 23:14:38.019957
DecisionTreeRegressor,RoofStyle_Hip,6.563136392183271e-05,2021-05-10 23:14:38.019957
DecisionTreeRegressor,BsmtExposure_Av,6.084177521853695e-05,2021-05-10 23:14:38.019957
DecisionTreeRegressor,BldgType_Twnhs,6.014170821504836e-05,2021-05-10 23:14:38.019957
DecisionTreeRegressor,Neighborhood_NridgHt,4.464106099069112e-05,2021-05-10 23:14:38.019957
DecisionTreeRegressor,HouseStyle_1Story,4.4605837489589306e-05,2021-05-10 23:14:38.019957
DecisionTreeRegressor,FireplaceQu_Gd,4.006227439387984e-05,2021-05-10 23:14:38.019957
DecisionTreeRegressor,BsmtFinType1_Unf,3.859207911917161e-05,2021-05-10 23:14:38.019957
DecisionTreeRegressor,FireplaceQu_TA,3.630302072291059e-05,2021-05-10 23:14:38.019957
DecisionTreeRegressor,BldgType_TwnhsE,3.575783684263882e-05,2021-05-10 23:14:38.019957
DecisionTreeRegressor,FireplaceQu_Ex,3.34362980272013e-05,2021-05-10 23:14:38.019957
DecisionTreeRegressor,BldgType_2fmCon,3.0484375056678055e-05,2021-05-10 23:14:38.019957
DecisionTreeRegressor,Fence_nan,3.0327848389230195e-05,2021-05-10 23:14:38.019957
DecisionTreeRegressor,BsmtCond_Po,3.010428365594731e-05,2021-05-10 23:14:38.019957
DecisionTreeRegressor,Exterior2nd_MetalSd,2.9906684881824093e-05,2021-05-10 23:14:38.019957
DecisionTreeRegressor,GarageQual_TA,2.8684905234242304e-05,2021-05-10 23:14:38.019957
DecisionTreeRegressor,BsmtFinType2_Unf,2.8610578866856046e-05,2021-05-10 23:14:38.019957
DecisionTreeRegressor,ScreenPorch,2.7765441096373483e-05,2021-05-10 23:14:38.019957
DecisionTreeRegressor,GarageCond_Fa,2.749598632071456e-05,2021-05-10 23:14:38.019957
DecisionTreeRegressor,Neighborhood_NAmes,2.4413616781588197e-05,2021-05-10 23:14:38.019957
DecisionTreeRegressor,GarageFinish_Unf,2.367144275599977e-05,2021-05-10 23:14:38.019957
DecisionTreeRegressor,MiscVal,2.283431181000846e-05,2021-05-10 23:14:38.019957
DecisionTreeRegressor,LotConfig_Inside,2.07487846003493e-05,2021-05-10 23:14:38.019957
DecisionTreeRegressor,MasVnrType_BrkFace,1.9379774559999054e-05,2021-05-10 23:14:38.019957
DecisionTreeRegressor,PavedDrive_P,1.928752375136577e-05,2021-05-10 23:14:38.019957
DecisionTreeRegressor,Electrical_FuseA,1.9025634919685988e-05,2021-05-10 23:14:38.019957
DecisionTreeRegressor,BsmtHalfBath,1.620192705729607e-05,2021-05-10 23:14:38.019957
DecisionTreeRegressor,BsmtCond_nan,1.5347018496356096e-05,2021-05-10 23:14:38.019957
DecisionTreeRegressor,Fence_MnPrv,1.4963656109595459e-05,2021-05-10 23:14:38.019957
DecisionTreeRegressor,MasVnrType_None,1.4399256645861319e-05,2021-05-10 23:14:38.019957
DecisionTreeRegressor,GarageType_Attchd,1.4152708452164018e-05,2021-05-10 23:14:38.019957
DecisionTreeRegressor,GarageFinish_nan,1.371953219033246e-05,2021-05-10 23:14:38.019957
DecisionTreeRegressor,Exterior1st_Other,1.1870692308206959e-05,2021-05-10 23:14:38.019957
DecisionTreeRegressor,Exterior2nd_VinylSd,1.1340007053645138e-05,2021-05-10 23:14:38.019957
DecisionTreeRegressor,LotConfig_CulDSac,1.0814761717755574e-05,2021-05-10 23:14:38.019957
DecisionTreeRegressor,ExterCond_TA,8.239797335906823e-06,2021-05-10 23:14:38.019957
DecisionTreeRegressor,MSZoning_FV,7.037306959571761e-06,2021-05-10 23:14:38.019957
DecisionTreeRegressor,GarageQual_nan,6.962114479060698e-06,2021-05-10 23:14:38.019957
DecisionTreeRegressor,LandSlope_Gtl,5.624150068149618e-06,2021-05-10 23:14:38.019957
DecisionTreeRegressor,GarageFinish_Fin,5.143510771418693e-06,2021-05-10 23:14:38.019957
DecisionTreeRegressor,LotShape_IR2,5.0107439556130855e-06,2021-05-10 23:14:38.019957
DecisionTreeRegressor,Condition1_PosN,4.067509780098289e-06,2021-05-10 23:14:38.019957
DecisionTreeRegressor,GarageQual_Fa,3.5643084396452415e-06,2021-05-10 23:14:38.019957
DecisionTreeRegressor,LandContour_HLS,3.179866171917215e-06,2021-05-10 23:14:38.019957
DecisionTreeRegressor,LandContour_Lvl,3.0774069498658223e-06,2021-05-10 23:14:38.019957
DecisionTreeRegressor,SaleType_New,1.589490326897244e-06,2021-05-10 23:14:38.019957
DecisionTreeRegressor,HouseStyle_2Story,1.5474345451273775e-06,2021-05-10 23:14:38.019957
DecisionTreeRegressor,BsmtFinSF2,1.5245501347877742e-06,2021-05-10 23:14:38.019957
DecisionTreeRegressor,Fence_MnWw,1.0140889858031367e-06,2021-05-10 23:14:38.019957
DecisionTreeRegressor,BsmtCond_Gd,9.703620878998258e-07,2021-05-10 23:14:38.019957
DecisionTreeRegressor,Condition1_Artery,9.221882196855514e-07,2021-05-10 23:14:38.019957
DecisionTreeRegressor,ExterCond_Fa,5.399288722375353e-07,2021-05-10 23:14:38.019957
DecisionTreeRegressor,Exterior1st_HdBoard,3.626271761154835e-07,2021-05-10 23:14:38.019957
DecisionTreeRegressor,Heating_Wall,3.428651658789382e-07,2021-05-10 23:14:38.019957
DecisionTreeRegressor,MasVnrType_nan,2.689041612770655e-07,2021-05-10 23:14:38.019957
DecisionTreeRegressor,Alley_Pave,1.6763337754521398e-07,2021-05-10 23:14:38.019957
DecisionTreeRegressor,MiscFeature_Shed,1.443013390167429e-07,2021-05-10 23:14:38.019957
DecisionTreeRegressor,BsmtExposure_nan,1.0900921096795348e-07,2021-05-10 23:14:38.019957
DecisionTreeRegressor,BsmtFinType2_nan,4.8955811685688055e-08,2021-05-10 23:14:38.019957
DecisionTreeRegressor,SaleType_COD,3.7540602251097634e-08,2021-05-10 23:14:38.019957
DecisionTreeRegressor,LandSlope_Mod,3.726785369261469e-08,2021-05-10 23:14:38.019957
DecisionTreeRegressor,Neighborhood_Sawyer,3.012307300075913e-08,2021-05-10 23:14:38.019957
DecisionTreeRegressor,BsmtExposure_Mn,8.671867639439409e-10,2021-05-10 23:14:38.019957
DecisionTreeRegressor,Condition1_RRAn,3.1925041418843128e-16,2021-05-10 23:14:38.019957
DecisionTreeRegressor,PavedDrive_nan,0.0,2021-05-10 23:14:38.019957
DecisionTreeRegressor,SaleCondition_Alloca,0.0,2021-05-10 23:14:38.019957
DecisionTreeRegressor,PoolQC_Ex,0.0,2021-05-10 23:14:38.019957
DecisionTreeRegressor,PoolQC_Fa,0.0,2021-05-10 23:14:38.019957
DecisionTreeRegressor,Functional_nan,0.0,2021-05-10 23:14:38.019957
DecisionTreeRegressor,GarageQual_Ex,0.0,2021-05-10 23:14:38.019957
DecisionTreeRegressor,SaleCondition_AdjLand,0.0,2021-05-10 23:14:38.019957
DecisionTreeRegressor,MiscFeature_Gar2,0.0,2021-05-10 23:14:38.019957
DecisionTreeRegressor,SaleCondition_Partial,0.0,2021-05-10 23:14:38.019957
DecisionTreeRegressor,Functional_Min2,0.0,2021-05-10 23:14:38.019957
DecisionTreeRegressor,Functional_Min1,0.0,2021-05-10 23:14:38.019957
DecisionTreeRegressor,KitchenQual_nan,0.0,2021-05-10 23:14:38.019957
DecisionTreeRegressor,GarageQual_Gd,0.0,2021-05-10 23:14:38.019957
DecisionTreeRegressor,MiscFeature_Othr,0.0,2021-05-10 23:14:38.019957
DecisionTreeRegressor,FireplaceQu_Fa,0.0,2021-05-10 23:14:38.019957
DecisionTreeRegressor,GarageCond_Gd,0.0,2021-05-10 23:14:38.019957
DecisionTreeRegressor,MiscFeature_TenC,0.0,2021-05-10 23:14:38.019957
DecisionTreeRegressor,SaleType_nan,0.0,2021-05-10 23:14:38.019957
DecisionTreeRegressor,MiscFeature_nan,0.0,2021-05-10 23:14:38.019957
DecisionTreeRegressor,PavedDrive_N,0.0,2021-05-10 23:14:38.019957
DecisionTreeRegressor,GarageType_2Types,0.0,2021-05-10 23:14:38.019957
DecisionTreeRegressor,GarageType_nan,0.0,2021-05-10 23:14:38.019957
DecisionTreeRegressor,PoolQC_Gd,0.0,2021-05-10 23:14:38.019957
DecisionTreeRegressor,GarageCond_Ex,0.0,2021-05-10 23:14:38.019957
DecisionTreeRegressor,Fence_GdPrv,0.0,2021-05-10 23:14:38.019957
DecisionTreeRegressor,GarageType_Basment,0.0,2021-05-10 23:14:38.019957
DecisionTreeRegressor,GarageType_CarPort,0.0,2021-05-10 23:14:38.019957
DecisionTreeRegressor,GarageCond_TA,0.0,2021-05-10 23:14:38.019957
DecisionTreeRegressor,GarageQual_Po,0.0,2021-05-10 23:14:38.019957
DecisionTreeRegressor,GarageCond_Po,0.0,2021-05-10 23:14:38.019957
DecisionTreeRegressor,ExterCond_Ex,0.0,2021-05-10 23:14:38.019957
DecisionTreeRegressor,KitchenQual_Fa,0.0,2021-05-10 23:14:38.019957
DecisionTreeRegressor,LotConfig_FR3,0.0,2021-05-10 23:14:38.019957
DecisionTreeRegressor,RoofStyle_Flat,0.0,2021-05-10 23:14:38.019957
DecisionTreeRegressor,HouseStyle_nan,0.0,2021-05-10 23:14:38.019957
DecisionTreeRegressor,HouseStyle_SFoyer,0.0,2021-05-10 23:14:38.019957
DecisionTreeRegressor,HouseStyle_Other,0.0,2021-05-10 23:14:38.019957
DecisionTreeRegressor,BldgType_nan,0.0,2021-05-10 23:14:38.019957
DecisionTreeRegressor,BldgType_Duplex,0.0,2021-05-10 23:14:38.019957
DecisionTreeRegressor,Condition1_nan,0.0,2021-05-10 23:14:38.019957
DecisionTreeRegressor,Condition1_Other,0.0,2021-05-10 23:14:38.019957
DecisionTreeRegressor,Neighborhood_nan,0.0,2021-05-10 23:14:38.019957
DecisionTreeRegressor,Neighborhood_OldTown,0.0,2021-05-10 23:14:38.019957
DecisionTreeRegressor,Neighborhood_Gilbert,0.0,2021-05-10 23:14:38.019957
DecisionTreeRegressor,LandSlope_nan,0.0,2021-05-10 23:14:38.019957
DecisionTreeRegressor,LandSlope_Sev,0.0,2021-05-10 23:14:38.019957
DecisionTreeRegressor,LotConfig_nan,0.0,2021-05-10 23:14:38.019957
DecisionTreeRegressor,Utilities_nan,0.0,2021-05-10 23:14:38.019957
DecisionTreeRegressor,Electrical_nan,0.0,2021-05-10 23:14:38.019957
DecisionTreeRegressor,Utilities_NoSeWa,0.0,2021-05-10 23:14:38.019957
DecisionTreeRegressor,Utilities_AllPub,0.0,2021-05-10 23:14:38.019957
DecisionTreeRegressor,LandContour_nan,0.0,2021-05-10 23:14:38.019957
DecisionTreeRegressor,LotShape_nan,0.0,2021-05-10 23:14:38.019957
DecisionTreeRegressor,LotShape_IR3,0.0,2021-05-10 23:14:38.019957
DecisionTreeRegressor,Street_nan,0.0,2021-05-10 23:14:38.019957
DecisionTreeRegressor,Street_Pave,0.0,2021-05-10 23:14:38.019957
DecisionTreeRegressor,Street_Grvl,0.0,2021-05-10 23:14:38.019957
DecisionTreeRegressor,MSZoning_nan,0.0,2021-05-10 23:14:38.019957
DecisionTreeRegressor,MSZoning_RH,0.0,2021-05-10 23:14:38.019957
DecisionTreeRegressor,MSZoning_C (all),0.0,2021-05-10 23:14:38.019957
DecisionTreeRegressor,PoolArea,0.0,2021-05-10 23:14:38.019957
DecisionTreeRegressor,KitchenAbvGr,0.0,2021-05-10 23:14:38.019957
DecisionTreeRegressor,LowQualFinSF,0.0,2021-05-10 23:14:38.019957
DecisionTreeRegressor,RoofStyle_Gambrel,0.0,2021-05-10 23:14:38.019957
DecisionTreeRegressor,RoofStyle_Mansard,0.0,2021-05-10 23:14:38.019957
DecisionTreeRegressor,RoofStyle_Shed,0.0,2021-05-10 23:14:38.019957
DecisionTreeRegressor,RoofStyle_nan,0.0,2021-05-10 23:14:38.019957
DecisionTreeRegressor,Electrical_SBrkr,0.0,2021-05-10 23:14:38.019957
DecisionTreeRegressor,Electrical_FuseP,0.0,2021-05-10 23:14:38.019957
DecisionTreeRegressor,Electrical_FuseF,0.0,2021-05-10 23:14:38.019957
DecisionTreeRegressor,CentralAir_nan,0.0,2021-05-10 23:14:38.019957
DecisionTreeRegressor,HeatingQC_nan,0.0,2021-05-10 23:14:38.019957
DecisionTreeRegressor,HeatingQC_Po,0.0,2021-05-10 23:14:38.019957
DecisionTreeRegressor,Heating_nan,0.0,2021-05-10 23:14:38.019957
DecisionTreeRegressor,Heating_OthW,0.0,2021-05-10 23:14:38.019957
DecisionTreeRegressor,Heating_Grav,0.0,2021-05-10 23:14:38.019957
DecisionTreeRegressor,Heating_GasW,0.0,2021-05-10 23:14:38.019957
DecisionTreeRegressor,Heating_GasA,0.0,2021-05-10 23:14:38.019957
DecisionTreeRegressor,Heating_Floor,0.0,2021-05-10 23:14:38.019957
DecisionTreeRegressor,BsmtFinType2_LwQ,0.0,2021-05-10 23:14:38.019957
DecisionTreeRegressor,BsmtFinType2_GLQ,0.0,2021-05-10 23:14:38.019957
DecisionTreeRegressor,BsmtFinType2_BLQ,0.0,2021-05-10 23:14:38.019957
DecisionTreeRegressor,BsmtFinType2_ALQ,0.0,2021-05-10 23:14:38.019957
DecisionTreeRegressor,BsmtFinType1_nan,0.0,2021-05-10 23:14:38.019957
DecisionTreeRegressor,BsmtCond_Fa,0.0,2021-05-10 23:14:38.019957
DecisionTreeRegressor,BsmtQual_nan,0.0,2021-05-10 23:14:38.019957
DecisionTreeRegressor,Foundation_nan,0.0,2021-05-10 23:14:38.019957
DecisionTreeRegressor,Foundation_Wood,0.0,2021-05-10 23:14:38.019957
DecisionTreeRegressor,Foundation_Stone,0.0,2021-05-10 23:14:38.019957
DecisionTreeRegressor,Foundation_Slab,0.0,2021-05-10 23:14:38.019957
DecisionTreeRegressor,ExterCond_nan,0.0,2021-05-10 23:14:38.019957
DecisionTreeRegressor,ExterCond_Po,0.0,2021-05-10 23:14:38.019957
DecisionTreeRegressor,ExterQual_nan,0.0,2021-05-10 23:14:38.019957
DecisionTreeRegressor,MasVnrType_BrkCmn,0.0,2021-05-10 23:14:38.019957
DecisionTreeRegressor,Exterior2nd_nan,0.0,2021-05-10 23:14:38.019957
DecisionTreeRegressor,Exterior1st_nan,0.0,2021-05-10 23:14:38.019957
DecisionTreeRegressor,SaleCondition_nan,0.0,2021-05-10 23:14:38.019957
